date,views,unique_views,clones,unique_clones
2026-08-02,6,3,0,0
2026-08-03,2,1,0,0
2026-08-04,2,1,0,0
2026-08-05,6,4,0,0
2026-08-06,3,1,0,0
2026-08-07,4,1,0,0
2026-08-08,6,3,0,0
2026-08-09,4,2,1,1
2026-08-10,5,3,0,0
2026-08-11,4,3,2,2
2026-08-12,8,5,2,1
2026-08-13,8,3,10,8
2026-08-14,32,6,0,0
2026-08-15,3,1,0,0
2026-09-16,9,5,1,1
2026-09-17,6,3,5,4
2026-09-18,10,5,2,2
2026-09-19,8,4,1,1
2026-09-20,6,5,2,2
2026-09-21,30,9,21,18
2026-09-22,2,2,1,1
2026-09-23,1,1,6,6
2026-09-24,16,4,105,68
2026-09-25,0,0,307,298
2026-09-26,9,4,12,11
2026-09-27,0,0,5,5
2026-09-28,9,2,15,13
2026-09-29,3,1,8,6
2026-09-30,7,4,38,21
2026-10-01,4,2,39,33
2026-10-02,1,1,20,13
2026-10-03,4,3,22,16
2026-10-04,3,3,33,24
2026-10-05,3,2,40,31
2026-10-06,1,1,9,7
2026-10-07,2,1,22,17
